GivenName,Surname,StreetAddress,City,Title,Username,Password,Country,TelephoneNumber,Occupation
Elaine,Evans,4476 Steele Street,Bensenville,Mrs.,Wassiriour,onuimie0Loh,US,630-696-8473,Blood bank technologist
Jamie,Adams,1013 Fairmont Avenue,Holliday,Mr.,Ciallinall,ohph9Yae,US,660-266-7934,Federal Bureau of Investigation agent
Tracy,Mendez,2576 Center Avenue,Fresno,Ms.,Fordoon,zeikae9B,US,559-457-9007,"Textile, apparel, and furnishings occupation"
Maria,Jordan,2161 Progress Way,Donnelly,Ms.,Lemp1973,zoGh7KooJoo,US,320-246-1883,Medical technician
Demetrius,Norfleet,1919 Nutters Barn Lane,Clare,Mr.,Foolve,oox4Theih1,US,515-546-3229,Publicity writer
Anne,Mosby,2422 Five Points,Baltimore,Mrs.,Inginy,Shii0sai,US,443-236-2325,Assignment editor
Ricky,Sykes,3024 Melody Lane,Dinwiddie,Mr.,Hatly1986,aev4AifahX7,US,804-469-8771,Coil taper
Rick,Hammons,2558 Vine Street,West Chicago,Mr.,Alidereces,Haijoh4ei,US,847-657-8883,Plant scientist
Daniel,Rendon,3631 Pennsylvania Avenue,New Brunswick,Mr.,Alubly,Yai8eikoshi,US,732-384-5390,Choke setter
Robert,Griffin,4198 Leverton Cove Road,Springfield,Mr.,Fortionoot,Othethae7,US,413-356-3205,Hoist and winch operator
Christine,Hernandez,1561 Mount Olive Road,Norcross,Dr.,Flike1995,havee4Ieloh,US,678-914-4462,Field sales supervisor
Michael,Hampton,3971 Blane Street,Manchester,Mr.,Resses,jeiringoh0Oh,US,314-606-8961,Medical and health services manager
Cecil,Pagel,1610 Lake Floyd Circle,Hagerstown,Ms.,Naturawrove1985,eo7weZ4t,US,301-999-5248,Traffic technician
Rick,Stocking,232 Duff Avenue,Cornwall,Mr.,Knotlexcel,ahngaZ4vai,US,802-462-6495,Brokerage sales assistant
Charles,Turner,1071 Francis Mine,Sacramento,Mr.,Memneat46,aivoop1Poogoh,US,530-285-2810,Benefits clerk
Leona,Rivera,470 Watson Lane,Asheville,Ms.,Tooffer,gohtah6looD,US,828-808-7396,Land agent
Li,Lowe,1582 Masonic Drive,Ronan,Ms.,Carrais,chaughu6Ah,US,406-528-6460,Professor
Letitia,Anglin,3986 Fantages Way,Dark Harbor,Mrs.,Jecrer,nais7ShohDee,US,207-734-6640,Photographic processing machine operator
Jimmie,Knott,2910 Seth Street,Brownwood,Mr.,Senguen,ueg5Nu1uh,US,325-642-4034,Certified respiratory therapist
Leo,Roy,2909 Woodrow Way,Houston,Mr.,Mous1966,veJ6mohch,US,936-308-1984,Food service manager
Antonio,Edwards,875 Ersel Street,Plano,Mr.,Anner1986,Weg6tei8u,US,214-401-6433,Sheet metal worker
Tabitha,Kline,3350 Fulton Street,Reader,Ms.,Arsencon,xaaHeequu1L,US,304-386-4267,Public health social worker
Ruthe,Wilt,1043 Woodrow Way,Lufkin,Ms.,Flught,cu1ieXohn7y,US,936-461-2438,Control room assistant
Jessie,Hodge,1294 Berry Street,Colorado Springs,Ms.,Werflefougs34,ree9Heek6xee,US,719-597-8151,Agricultural inspector
Kathi,Brody,3464 Stoney Lane,Richardson,Ms.,Thappect,fahPoodoo0l,US,972-952-6999,Correctional treatment specialist
Shirley,Sims,3626 Olive Street,Toledo,Ms.,Whorwalkeem,Iexiech1m,US,419-309-2009,Real-time captioner
Mark,King,4071 Columbia Boulevard,Bel Air,Mr.,Morects,pheew0uY5,US,410-420-4545,Medicinal chemist
Robert,Sullivan,1936 Marcus Street,Birmingham,Mr.,Regaserig,Azu6soh9d,US,256-622-8672,Interviewer
Barbara,Nakano,1064 Willow Oaks Lane,Leesville,Ms.,Wour1949,oco9iewaht8P,US,337-383-9433,Property disposal specialist
Samantha,Jackson,2611 Lords Way,Bolivar,Ms.,Felded,uV3tha6bae,US,731-658-6327,Control room trainee
George,Koch,3859 Tipple Road,Philadelphia,Mr.,Knothis,rahSoh2ah,US,215-782-3391,Prosthetist
Lisa,Jones,3616 Hide A Way Road,Santa Clara,Ms.,Onould1997,tu8Thaehi,US,408-242-8908,Desktop publisher
Shelley,Walker,1674 Green Gate Lane,Easton,Ms.,Ravize,nooZ0ohg7die,US,443-736-1124,Tax accountant
Carrie,Laws,4573 Dark Hollow Road,La Crosse,Mrs.,Goting,Aequai3oshee,US,608-865-4600,Concierge
Joel,Carr,4551 Jail Drive,Pacific Palisades,Mr.,Witheoper,ohsh6ahKis3,US,310-230-6967,Bindery worker
Chris,Miller,245 Smithfield Avenue,Lubbock,Mr.,Beffers,sho6uaGei0oo,US,806-744-9344,Communications equipment operator
Rafael,Ho,1146 Burnside Avenue,St George,Mr.,Sponsiguess,shoo0aeX3,US,435-652-9767,Contract manager
Rachel,Dunn,496 Bond Street,East Greenwich,Mrs.,Hatqual,ji7OoDie2at,US,401-885-7806,Personnel technician
Ginger,Banks,3213 Godfrey Road,New York,Mrs.,Sught1959,ei0Dae9ae,US,212-582-4078,Business office assistant
Ryan,Long,3535 Whaley Lane,Milwaukee,Mr.,Notend,gahv1Waedai,US,262-448-1393,Executive recruiter
Lottie,Hoffman,1403 Whispering Pines Circle,Wylie,Mrs.,Unpoid,Nis1icoo6ie,US,972-429-6579,Motion picture projectionist
James,Burse,1639 Horizon Circle,Tacoma,Mr.,Ruen1996,yahchaiquoM0,US,253-677-6564,Automated teller machine technician
Peter,Packard,4866 Providence Lane,Arcadia,Mr.,Notem1933,Ah8eib0Ei,US,626-898-6503,Excavating and loading machine and dragline operator
Bruce,Duncan,913 Denver Avenue,Ontario,Mr.,Therkilinde,Ahli2kuth1ai,US,951-515-9929,Audio control engineer
Kenneth,Ramsey,3203 Yorkie Lane,Midway,Mr.,Veng1963,ivad5Out,US,912-884-5569,Tree pruner
Richard,Davenport,4473 Deer Ridge Drive,Riverdale,Mr.,Siteve,Oohee7lei5ie,US,973-616-4395,U.S. Border Patrol agent
Joseph,Marsh,947 Jerry Dove Drive,Florence,Mr.,Sicke1951,oc4Uipohng1,US,843-484-7977,Publicity writer
Mary,York,794 Kerry Way,Whittier,Mrs.,Seased,OhthieYite4,US,562-777-6966,Accounts receivable clerk
Mariana,Albano,4793 Lynn Street,Cambridge,Mrs.,Senou1947,thieh4Osha,US,617-226-4391,Trader
Chelsea,Lin,4879 Glenview Drive,Port Lavaca,Mrs.,Dayinexce,zekaeTh4oo,US,361-487-8637,News anchor
